{
    "wall3_q5_t5": [
        0.43884,
        0.1935,
        0.44871,
        90.52258,
        -0.90381,
        149.98378
    ],
    "wall3_q5_t6": [
        0.5845,
        -0.2791,
        0.3035,
        87.67193,
        -6.02148,
        80.2632
    ],
    "drop": [
        149.106,
        301.19,
        57.375,
        268.44,
        302.82,
        84.343
    ],
    "drop_pose": [
        0.22207,
        0.40132,
        0.05755,
        -2.62604,
        177.13246,
        1.34048
    ],
    "home_pose": [
        0.43885,
        0.19349,
        0.44868,
        90.52419,
        -0.91696,
        149.98078
    ],
    "wall3_q5_t6_after_top_recoil_pose": [
        0.5484,
        -0.28331,
        0.28897,
        91.49175,
        -0.94529,
        91.32529
    ],
    "vector_top_recoil": [
        -0.071,
        0.0,
        0.061
    ]
}