{
    "wall3_q5_t5": [
        0.43884,
        0.1935,
        0.44871,
        90.52258,
        -0.90381,
        149.98378
    ],
    "wall3_q5_t6": [
        0.5845,
        -0.2791,
        0.3035,
        87.67193,
        -6.02148,
        80.2632
    ]
}